policy_area,cluster_length,medoid_text,reduced_medoid_text,gpt_label,pred_subtopics,source_indices
Government Operations and Politics,78,D.C. Voting Rights and Crime,Immigration and Statehood,D.C. Governance and Voting Rights Issues,"D.C. Statehood Legislation;D.C. Legislative Home Rule;SEC Real Estate Authority Revocation;D.C. Police Home Rule Act;D.C. National Guard Control;Voting Rights Amendment;Voting Rights Reform;D.C. Home Rule and Voting Rights;Voting Rights and Noncitizens' Rights;Voting Rights for Noncitizens;D.C. Local Representation and Democracy;Voter Registration and Accountability;Voting Rights for Illegal Aliens;Voting Rights and Noncitizen Voting;Voting Rights in D.C.;D.C. Government and Self-Government;Voting Rights and Local Decisions;Voting Rights in Washington D.C.;Border Security and Human Trafficking;Immigration and Statehood;Voting Rights Policy;D.C. Statehood and home rule;Crime Reform in D.C.;D.C. Local Self-Government Rights;Home Rule Responsibility;D.C. Crime Legislation Opposition;Washington D.C. Issues and Issues;Voting Representation in D.C.;Voting Rights and Crime;D.C. Voting Rights and Crime;Crime and Public Safety;Crime Penalties in States;Criminal Justice Policy Differences;Carjacking and Crime;Criminal Justice Reform Opposition;Criminal Justice Reform;D.C. Law Reform and Public Safety;D.C. Local Governance Autonomy;Crime Penalties in D.C;D.C. Local Governance Issues;Crime in D.C.;Crime and Local Government;D.C. Criminal Code Act Opposition;D.C.'s Home Rule Autonomy;D.C. Criminal Code Reform;Voting Record in Legislation;Public Safety and Crime Prevention;DC Crime Legislation;Crime and Punishment Policy;DC Crime and Local Control;DC Criminal Code and Crime;Crime Policy and Public Safety;Soft-on-crime policies;Crime in Washington, DC;Voting on Resolution;Carjacking Crime Wave;Carjacking and Good Conduct Time;Carjacking and Public Safety;DC Statehood and Representation Rights;DC Crime Bill Opposition;D.C. Policing Reform;D.C. Police Reform Opposition;Public Safety and Crime Reform;Violent Crime and Police Funding;D.C. Voting Representation Issues;D.C. Statehood and Local Police Control;Police Reform in D.C.;D.C. Statehood and Police Reform;District of Columbia Statehood;Police Reform Legislation;Policing Accountability and Public Safety;Federalism and Public Safety;D.C. Police Reform Concerns;Regulatory Vote Thresholds;D.C. Home Rule Authority;Security and Democracy;Commission of Fine Arts Residency;D.C. Juror Pay Parity",0;1295;64;134;469;470;487;488;489;490;491;504;492;493;494;495;496;497;507;498;499;500;501;502;503;506;509;510;511;512;513;514;1110;515;516;518;546;547;550;554;557;3036;519;520;521;522;523;524;525;526;527;528;529;530;531;532;533;534;548;549;551;552;553;555;556;558;559;560;561;562;582;583;1105;1111;1106;1108;1109;1112;1114;1115;1116;1171;1117;1118;1119;1120;1121;1540;1859;1860;2724;2734
Government Operations and Politics,13,Federal Cybersecurity Hiring Policy,Federal Cybersecurity Hiring Policy,Federal Workforce and Hiring Reforms,Government Workforce Hiring and Skills;Hiring Process Reform;Federal Hiring Reform;Federal Hiring Practices;Civil Service Hiring Reforms;Federal Workforce Reviving;Military Promotions and Nominations;Law Enforcement Recruitment Challenges;Cybersecurity Education Requirements;Cybersecurity Hiring Shortages;Cybersecurity Workforce Development;Federal Cybersecurity Hiring Policy;Cybersecurity Hiring Standards,106;107;108;110;111;112;563;1113;2726;2727;2728;2729;2730;2731;2732
Government Operations and Politics,72,Legislative Authority and Regulation,Legislative Authority and Regulation,Government Transparency and Accountability Reforms,Bipartisan Legislation Support;Transparency in Government Settlement Agreements;Transparency in Settlement Agreements;Transparency in Government;Settlement Agreement Information Database Act;Government Transparency and Accountability;SEC Leasing Authority Reform;SEC's Leasing Authority;Government Oversight Improvements;Local Government Self-Government Oversight;Congressional Disapproval of Legislation;Support for Ukraine;Accountability for Police Officers;Legislative and Executive Power;Regulatory Process Control;Executive Branch Power and Constitution;Congressional Accountability in Regulation;Congressional Accountability;Regulatory State and Democracy;REINS Act Opposition;Regulatory Reform;Rules Reform Debate;Veterans' Rights and Executive Branch Policy;Regulatory Process Opposition;Opposition to Legislation;Constitutional Authority in Lawmaking;Inflation and Executive Oversight;Regulatory Effects on Inflation;Inflation and Spending Impact;Inflation and Spending;Government Regulations and Transparency;Congressional Oversight of Executive Regulations;Administrative State Regulation;Regulatory Oversight of Regulations;REINS Act and Regulations;Regulatory Review Authority;Regulatory Costs and Impact;Regulatory Oversight and Oversight;Regulatory Determination Process;Constitutional Compliance Standards;Regulatory Accountability;Agencies' Rulemaking Oversight;Bureaucratic Responsibility in Government;Safety in Cars Regulation;Bureaucratic State Oversight Reform;Regulatory Oversight Delay;Congressional Oversight of Rules;Measureful Steps in Government;Congressional Oversight of Government;Legislative Authority and Regulation;E expeditiously moving legislation;Accountability in Government;REINS Act Amendments;Regulatory Impact on Safety;Legislative Accountability Issues;Guidance Documents Oversight;Agencies and Business Uncertainty;Executive Oversight Reform;Congressional Competence in Science;Regulatory Interference in Businesses;Executive Order Debate;Vaccine Mandates and Congressional Review;Mandatory Vaccination Mandates;Vaccine and Government Oversight;COVID-19 Vaccination Policy;Agency Transparency and Accountability;Regulatory Transparency Legislation;Accountability Through Transparency;Regulatory Transparency Reform;Government Transparency Measures;Legislative Procedure;Federal Advertising Equity,109;1302;1437;2442;113;114;115;116;117;118;2951;3139;119;120;132;135;136;137;505;517;567;1674;1675;1681;1687;1690;1694;1696;2156;2198;2203;2596;2598;2600;1107;1494;1495;1496;1497;1498;1499;1500;1515;1521;1539;1501;1502;1503;1504;1506;1906;1507;1508;1509;1510;1511;1512;1513;1514;1516;1517;1518;1519;1520;3236;1522;1523;1524;1525;1526;1527;1528;1532;1533;1534;1536;1537;1538;1541;2333;2939;3290;1542;1543;1544;1545;1546;1547;1548;1549;1551;1553;1554;1555;1556;1764;1765;1766;1767;1768;1858;2738;3056;3398;3439;3440;3403
Government Operations and Politics,18,Abortion and Reproductive Rights,Reproductive Healthcare Funding Issues,Abortion and Reproductive Rights Issues,Abortion and Military Nominees;Abortion in the Military;Reproductive Healthcare Funding Issues;Abortion Rights and Access;Women's Health Protection Act;Reproductive Rights Protection;Women's Reproductive Rights;Abortion Rights Legislation;Abortion Rights and Politics;Abortion Rights for Women;Women's Health Privacy Rights;Abortion Rights and Bodies;Reproductive Rights in Healthcare;Reproductive Rights Debate;Abortion Rights Debate;Abortion and Reproductive Rights;Discrimination and Equality;Respect for Marriage Rights,564;565;1652;1654;566;568;99;569;570;573;576;571;572;581;3087;71;574;575;577;578;579;580;1529;2961;1530;1531;1550;1552
Taxation,16,IRS Funding and Taxation,IRS Funding and Oversight,IRS Funding and Tax Administration Issues,IRS Funding and Audits;IRS Funding and Enforcement;IRS Funding and Funding Reform;IRS Funding and Taxation;IRS Funding and Accountability;IRS Funding and Oversight;IRS Funding and Funding Cuts;IRS Tax Enforcement Funding;IRS Funding and Taxpayer Protection;IRS Funding and Resources;IRS Funding and Support;IRS and Taxpayer Protection;IRS Funding and Modernization;IRS Funding and Tax Enforcement;IRS Spending and Taxation;IRS Funding and Compliance,1;22;41;4;10;61;8;11;37;42;12;30;39;2835;16;17;46;18;20;28;52;21;32;33;35;36;40;49;54;59
Taxation,11,Tax Enforcement Issues,Tax Cheating and Accountability,Taxation Accountability and Fairness Issues,Tax Compliance Issues;Tax Cheating and Accountability;Taxation Reform Opposition;Taxpayer Fairness Issues;Taxation and Inequality;Tax Cheating and Deficit;Tax Fairness Issues;Tax Enforcement Issues;Tax Enforcement Reform;National Debt and Taxation;Taxpayer Protection Issues,3;6;9;45;14;19;25;27;29;53;55;62
Crime and Law Enforcement,32,Abortion and Life Rights,Abortion and Family Care Rights,Abortion Rights and Reproductive Freedom,Abortion and Child Protection;Born-Alive Abortion Survivors Protection;Born-Alive Infants Protection Act;Born-Alive Abortion Survivors Act;Reproductive Rights and Extremism;Abortion Rights Legislation;Abortion Rights and Military Medicine;Abortion Rights Opposition;Babies' Right to Life;Women's Reproductive Freedom;Infant care and abortion rights;Abortion and Healthcare Freedom;Abortion and Human Dignity;Infant Health Protection Issues;Reproductive Healthcare Rights;Opposition to H.R. 26;Abortion and Family Care Rights;Abortion Protection Legislation;Infanticide and Abortion;Individual Freedom and Reproductive Rights;Born-Alive Abortion Legislation;Reproductive Freedom Rights;Abortion and Life Protection;Women's Rights and Abortions;Parental and Maternal rights;Abortion and Life Rights;Abortion and Healthcare Rights;Women's Health Protection Act;Born-Alive Abortion Protection;Infant Healthcare Protections;Right to Life Legislation;Abortion Rights and Violence,65;73;66;72;78;88;96;67;69;94;70;71;574;74;75;76;77;79;80;81;82;83;450;84;85;86;87;89;90;91;92;93;95;97;98;99;569;570;573;576;100;101;102;103
Crime and Law Enforcement,36,Gun Regulations and Enforcement,Federal Law Enforcement Firearms,Gun Control and Law Enforcement Reform,Bipartisan Support for Legislation;D.C. Code Returning Citizens Act;Law Enforcement and Privacy Rights;Surveillance Reform Legislation;Surveillance and Privacy Rights;Bipartisan secrecy order reform;Support for Law Enforcement;Gun Regulations and Enforcement;Police Accountability Issues;Safer Communities for Communities;Government Efficiency in Firearms Legislation;Support for Law Enforcement Legislation;Public Safety and Gun Control;Law Enforcement Standards;Background Check Requirement for Law Enforcement;Law Enforcement Procedures;Law Enforcement Weapon Purchase;Taxpayer Subsidies for Gun Sales;Weapon Scrapping and Law Enforcement;Gun Retention and Taxpayer Reimbursement;Weapon Salvaged Policy;Federal Law Enforcement Weapon Purchase;Background Check Requirement for Firearms;Military Service and Background Checks;Police Officer Misconduct and Background Checks;Weapon Systems and Law Enforcement Policy;Gun Ownership and Felony convictions;Retired Law Enforcement Officers Treatment;Federal Law Enforcement Firearms;Gun Ownership and Regulation;Civilian Ownership of Weapons;Gun Control Concerns;Retired Weapons and Law Enforcement;Gun Control and Firearms Policy;Gun Ownership and Law Enforcement;D.C. Clemency authority,68;738;1397;1398;1399;1749;1400;1401;1403;1402;1404;1405;1406;1407;1408;1409;1410;1411;1412;1413;1414;1415;1416;1417;1418;1419;1420;1421;1422;1423;1424;1425;1426;1427;1428;1429;1430;1439
Emergency Management,25,Disaster Assistance Reform,Post-Disaster Assistance Transparency,Disaster Recovery and Emergency Management Reform,Disaster Recovery Reform;Streamlining Disaster Recovery Process;Federal Disaster Assistance Reform;Disaster Recovery Process Improvement;Disaster Assistance Reform;Disaster Recovery Efforts;Post-Disaster Assistance Transparency;Disaster Transparency in Recovery;Transparency in Disaster Assistance;Transparency in Emergency Management;Accountability in Emergency Management;Disaster Assistance Reporting;Funding for Firefighters;Firefighter Safety Legislation;Support for Firefighters;Support for First Responders Equipment;Firefighter Access to Technology;Bipartisan Emergency Management Funding;Women in Emergency Management;Support for Victims' Offices;Victims' Support Office Opposition;Funding for Emergency Management;Climate Literacy in DHS;Climate Change and Emergency Management;DHS Responsibility in Emergency Management,121;361;122;123;124;125;126;127;128;129;130;131;363;743;1103;1184;1845;1846;2269;2276;2282;2283;2328;2381;2382;2383
Emergency Management,38,Government Funding Issues,National Debt Concerns,Government Funding and Accountability Issues,Nomination of Deputy Secretary of State;Homeland Security Grants Review;First Responder Access to Funding;Border Security Funding;Border Security Funding Cuts;Government Funding Issues;Government Funding Cuts;Bipartisanship in Budget Policy;Chemical Facility Security Program Funding;Nonprofit Security Funding Cuts;Agency Accountability and Oversight;Border Patrol Funding Issues;Border Security Funding Issues;Bipartisan cooperation in appropriations;Cybersecurity Funding and Free Speech;Budget Cuts in CISA;Agency Funding and Civil Liberties;Cybersecurity Funding Concerns;CISA Misinformation Scandal;Accountability in Oversight;CISA Funding and Accountability;Election Security Funding;Accountability for Speech;Accountability in Government;Government Censorship of Speech;Government Funding Process;Funding for Ukraine Programs;Fee Funding and Rules;Funding for DHS Civil Rights Office;Homeland Security Funding Cuts;Intelligence Community Accountability;Restoring faith in institutions;Federal Spending Cuts and Border Security;National Debt Concerns;Immigration Enforcement Funding;Sanctuary City Funding Issues;Homeland Security Appropriations Act;Homeland Security Funding Crisis,1095;1843;1844;1334;2255;2257;2262;2296;2364;1307;2260;2261;2701;2714;3193;2263;2789;2273;2277;2279;2286;2307;2377;1338;2310;2356;2406;2311;2315;2316;2317;2318;2324;2327;2329;2331;2332;1541;2333;2939;3290;2336;2357;2374;2387;2389;2394;2401;2403;2411;2412;2419;2420;2422;2427;2655
Emergency Management,54,Border Security and Immigration,Border Security Debate,Border Security and Immigration Policies,Blue Slip Process Debate;Border Security and Shutdown;Boat Speed Limiter Regulation;Immigration and Fiscal Responsibility;Border Security and Fentanyl;Global Entry Processing Delay;Border Security and Violence;Immigration Crime Victim Support;Border Security Accountability;Border Security Concerns;Border Security Issues;Border Security and Immigration;Border Security Resources;Border Wall Management Issues;Border Security and Flooding;Border Security Measures;Immigration Policy Critique;Border Security and Migration Crisis;Anti-Immigration Legislation;Immigration Policy Reform;Immigration Enforcement;Immigration Detention Mandate;Detention beds and immigration policy;Border Security Operations;Migrant Crisis Blame;Cybersecurity and Infrastructure Security;Border and immigration policies;Border Security Debate;Border Security Oversight;Border Security and Drugs;Border Security Crisis;Immigration and Public Charges;Immigration Policy and Benefits;Immigration Policy Criticism;Immigration Policy Accountability;Border Security and Asylum;Border Security and Immigration Policy;Border Security Legislation;Border Security and Animal Rights;Border Security and Fearmongering;Immigration Policy and Ukraine;Border Security and Environmental Justice;Border Security and Civil Rights;Border Security Policy Differences;Border and immigration policy;Immigration Enforcement Efforts;Border Security and Deportation;Immigration Enforcement Issues;Illegal Labor Market Impact;Border Security and ICE;Migrant Protection Protocols;Border Security Reform;Climate Change and National Security;Illegal Immigration in National Parks,1096;2256;2259;2264;1355;2265;2295;2297;2275;2278;2280;1357;2284;2319;2321;2342;2355;2358;2391;1320;1350;1353;2285;2312;2354;2366;2385;2395;2666;2689;2287;2289;2335;2341;2343;2378;2379;2380;2417;2905;2908;1331;2288;2344;2298;2299;2300;2301;2302;2303;2304;1340;2305;2367;2306;2309;2308;2313;2320;2322;2326;2330;2334;2368;2337;2340;2396;1343;2338;1314;1342;2229;2345;2376;2346;2347;2351;2352;2353;1333;2361;2404;1304;1306;1310;1325;1329;1349;2363;2365;2369;2373;2384;2390;2392;2397;2405;2407;2408;2413;2409;2414;2416;2418;801;1741;1742;2421;2423
Energy,21,Strategic Petroleum Reserve,Strategic Petroleum Reserve Use,Strategic Petroleum Reserve Governance and Issues,Strategic Petroleum Reserve Management;Strategic Petroleum Reserve Protection;Strategic Petroleum Reserve Protections;Strategic Petroleum Reserve Abuse;Strategic Petroleum Reserve Funding;Strategic Petroleum Reserve Accountability;Strategic Petroleum Reserve Use;Strategic Petroleum Reserve;Strategic Petroleum Reserve Oversight;Strategic Petroleum Reserve Trust Issues;Strategic Petroleum Reserve Restrictions;Strategic Reserve Policy;Strategic Petroleum Reserve Security;Strategic Petroleum Reserve Reform;Strategic Reserve Management;Strategic Petroleum Reserve Efficiency;Strategic Petroleum Reserve Concerns;Strategic Petroleum Reserve Politics;Strategic Petroleum Reserves;Strategic Petroleum Reserve Replacement;Strategic Petroleum Reserve Regulation,158;177;272;978;168;172;175;212;290;180;186;976;181;182;221;304;334;338;340;348;367;199;300;979;224;236;238;277;278;309;279;305;306;358;372;374;377;977
Energy,410,Environmental Protection and Energy Policy,Environmental Consultation in Energy Plans,Energy Security and Policy Reform,Opposition to H.R. 21;Energy Security and Gas Prices;Energy independence and gas prices;Energy independence and accountability;Big Oil and Public Lands;Energy Security and Policy;Energy Security Concerns;Domestic Energy Production;Strategic Production Response Act;Energy Security and Big Oil;Energy crisis in energy production;Fossil Fuel Industry Accountability;SPR and Fossil Fuels;Energy Security Issues;Gas Prices and Energy Policy;Gas Prices and Gas Reserves;Gas Prices and Strategic Petroleum Reserve;Energy Supply Crisis Response;Energy Production and National Security;Energy Prices and Production Policy;Energy production and policy;Energy independence concerns;Energy Policy Critique;Energy Security Legislation;Energy Policy Reform;Offshore Oil Drilling Policy;Offshore Drilling Ban;Offshore Drilling and Renewable Energy;Offshore Wind Regulation;Offshore Drilling in the North Atlantic;Offshore Oil Leasing Policy;Offshore Drilling Moratorium;Offshore Drilling Policy;Oil Drilling Offshore Territories;Offshore Oil Drilling Restrictions;Energy independence and national security;Energy Security and Drilling;Climate Change and Emissions;Energy security and energy production;Energy independence and fishing;Oil and gas leasing restrictions;Oil and gas drilling restrictions;Federal Lands Leasing Strategy;Energy Leasing Consultation;Energy Independence Accountability;SPR Abuse and National Security;Energy Production Oversight;Energy Policy and Gas Prices;Energy security concerns;Energy Production and Policy;Federal Lands and Oil Production;Federal Lands and Energy Policy;Offshore Drilling in Virginia;Offshore Drilling and Coastlines;Energy Development and Land Rights;Opposition to Oil and Gas Extraction;Environmental Review of Leases;Amendment Germane Issues;Energy Transparency and Oversight;Environmental Consultation in Energy Plans;EPA and CEQ Oversight;Offshore Oil Drilling Ban;Biodiversity and Oil Spill Impact;Energy Production and Security;Public Lands and Energy Policy;Energy Production and Conservation;Oil Drilling off California Coastlines;Oil and gas exploration restrictions;Offshore Drilling and Coastal Protection;Energy Policy Opposition;Environmental Protection and Energy Policy;Offshore Drilling Protection;Coastal Protection from Drilling;Offshore Drilling and Ocean Protection;Offshore oil and gas development regulation;Amendment Germaneness Requirement;Energy Funding Access Issues;Oil and Gas Leasing Reform;Energy production restrictions;Tribal Consultation on Energy Development;Tribal Consultation in Energy Leasing;Environmental Justice and Community Impact;Energy Leasing Policy Impact;Clean Energy Transition;Renewable Energy Production;Energy Independence and Policy;Amendment Germane Concerns;Energy efficiency and energy policy;Energy Prices and Public Lands;Nongermane Amendments;SPR Management Concerns;Amendment Germaneness Test;Oil and gas drilling safety concerns;Air Quality and Energy Security;Climate Justice and Energy Policy;Energy Production and Greenhouse Gas Emissions;Legislative Session Voting Decisions;Environmental discrimination in energy policy;Energy security and energy policy;Climate Change Impact on Communities;Energy Costs and Policy;Energy Cost Relief for Families;Energy production and prices;Climate Change and Energy Policy;Climate Change and Fossil Fuel Production;Fossil fuel industry practices;Energy Security and Capital Markets;Oil and Gas Leasing Policy;Climate change and education;Energy security and climate policy;Offshore Drilling Concerns;Climate Change and Oil Drilling;U.S. Oil Exports and Energy Security;Export of Oil Exports;Natural Gas Production Debate;Natural Gas Production Policy;Oil and gas drilling in Florida;Great Lakes Protection;Energy Policy Issues;Protecting Public Waters;Energy Production Limits;Speculative Leasing on Public Lands;Oil and Gas Development;Taxpayer Protection from Big Oil;Energy independence and energy policy;Unused Permits for Drilling;Energy Regulation Delaying Tactic;SPR Drawdowns and Production Plans;Transparency in Energy Regulation;Federal Oil and Gas Drilling;Renewable Energy Development;Orphaned Oil Wells Legislation;Energy Production Policy;Public Health and Oil Drilling;Energy Production Restrictions;Energy Policy and Prices;Coastal Fisheries and Energy Policy;Energy Security and Production;Energy security and price gouging;Energy security and oil production;Oil and Gas Lobby Transparency;Parliamentarian Ruling on Bill;Big Oil Drilling Permits;Oil and Gas Drilling in National Parks;Energy Leasing Policy;SPR Abuse and National Emergencies;National Security and Energy Policy;Emergency Power in Energy Policy;SPR Management and Accountability;Energy Costs and Politics;Gas Prices and Oil Production;Oil Drilling and Energy Policy;Amendment Germane Requirement;Energy Policy and Public Lands;Cost-Share Accountability in Energy;Cost-Sharing Accountability Act;Cost- Sharing Accountability in Energy Grants; in energy policy;Cost- Share Accountability in Energy;Bipartisan legislative action in science;Transparency in Energy Policy;Climate Change and Clean Energy;Debate Procedure for Debate;Lowering Energy Costs;Polluters over people act;Environmental policies and energy policy;Energy Affordability and Climate Change;Energy Policy Debate;Social Security and Medicare Cuts;Social Security and Medicare Protections;Energy Crisis and Climate Change;Energy Regulation and Inflation;Amendment Debate Issues;Censorship in Energy Debate;Energy production reform;Rules and Amendments in Legislation;Energy Costs and Environmental Protection;Voting Rights Legislation;Climate change and policy errors;Gasoline Prices and Energy Investments;Polluters and Environmental Laws;Energy and environment groups;Environmental Protection Concerns;Energy and Climate Change;Energy Crisis Solutions;Energy and Agriculture;Energy and Agriculture Policy;NIMBY Opposition to Bill;Energy Policy and Human Rights;Energy Production and Costs;Opposition to Fossil Fuel Industry;Foreign Mining and Human Rights;Opposition to H.R. 1;Permitting Reform in Energy;Clean Energy Investment;Environmental protections in energy policy;Energy Costs and Policy Reform;Energy rebate program repeal;Inflation and Energy Investment;Environmental Policy and Resources;Energy independence and permitting reform;Climate Change and National Security;Natural Gas Production;Democracy and Public Health;Environmental Protection and Corporate Greedy;Mining and Energy Policy;Climate Crisis Response;Climate Change Legislation;Energy Security and Permitting Reform;Climate Change Legislation Opposition;Opposition to Energy Bill;Pollution and Health Costs;Climate Change and Environmental Protection;Clean energy investments;Inflation and Climate Policy;Energy costs and energy policy;Energy Production Reform;Climate Change Policy Opposition;Energy independence and minerals;Coal-powered plants in China;Climate Change and Clean Energy Policy;Energy costs and energy independence;Energy Independence;Environmental Protection and Climate Change;Energy independence and costs;Energy production and energy policy;Energy Independence and Clean Energy;Energy Affordability and Prosperity;American Energy Accessibility;Energy Independence and Independence;Clean Water Act Opposition;Water Quality Protection;Water Quality and Regulation;Clean Water Legislation;Clean Water Act and Energy Policy;Energy independence;Clean Water Protection;Water Quality and Energy Infrastructure;Clean Water Act Critique;Permitting Reform and Clean Energy;Energy Costs and Inflation;Energy Production Boosting;Consumer Choice in Energy;Energy and Gasoline Prices;Energy security and policy;Opposition to H.R. 1 Bill;Energy production and affordability;Energy and Permitting Reform;Energy Costs and Public Health;Energy independence and biofuels;Critical Mineral Production;Energy costs reduction;Energy production and infrastructure;Energy Costs Reduction;Pollution and Public Health;Energy Costs Lowering;Clean Energy Transition Issues;Natural Gas Power Generation;Mining and Tribal Resources;Energy Production Regulation Reform;Environmental Protection and Regulation;Natural Gas Production and Delivery;Energy independence and clean energy;Exporting Clean-burning natural gas;Offshore Wind Development;Environmental Impact of Energy Policy;Energy costs and supply control;Environmental Protection Issues;Energy Production;Energy security and independence;Energy Policy Criticism;Energy Production and Permitting Reform;Energy independence and pipelines;Big Oil and Environmental Protection;Energy Infrastructure Reform;Big Oil and Climate Change;Grid Resiliency and Energy Policy;Energy Infrastructure Improvement;Environmental injustice and climate change;Energy independence and inflation;Support for Energy Workers;Energy affordability and inflation;Energy independence reform;Big Oil and the Deficit;Energy Independence and Regulations;Permitting reform and energy costs;Energy Costs and Affordability;Energy Project Permitting Reform;Climate legislation and subsidies;Environmental Permitting Reform;Energy Infrastructure Development;Energy security and national security;Energy export policy;Environmental protections and energy costs;Energy Independence and Inflation;Public Lands and Environmental Protection;Regulatory Streamlining in Energy;Jordan Cove Project Denial;States' rights in energy projects;Regulatory certainty for carbon capture projects;Underground Injection Control Program;EPA Regulation of Drinking Water;States' Emissions Control Rights;Carbon emissions and regulation;Oil and gas industry tax hikes;Tax breaks for Big Oil;Regulatory Impact on Energy Independence;Environmental Protection and Economy;Energy Exploration and Regulation;Offshore Drilling Protections;Energy security and supply chains;Natural Gas Restrictions;Energy Regulation Debate;Hydraulic Fracking Regulations;Delaware River Basin Commission;Hydraulic Fracking Regulation;Electoral Representation;Governors' Rights in Energy Policy;State Autonomy in Energy Policy;Climate Change Policy;Environmental Cooperation with Neighboring Countries;Energy Regulation and Climate Change;Energy Regulation and Regulation;Pipeline Safety and Regulation;FERC Overreach in Energy Policy;Greenhouse Gas Emissions;Supply Chain and National Security;Voting Rights in Energy;Tornadoes and First Responders;Tornado Recovery in Mississippi;Infrastructure Project Timelines;Judicial Review and Enforcement;Permitting Process Improvement;Streamlining Environmental Permitting Process;Environmental Review and Pipeline Construction;Energy Security and Emissions;Streamlining Environmental Review Process;Uranium Supply Study;Nuclear Power and Energy Independence;Uranium Mining and Indigenous Communities;Uranium Mining and Nuclear Power;Uranium and National Security;Uranium mining regulation;Public Land Rights in Energy;Energy independence and public involvement;Opposition to Amendment;China's Agricultural and Energy Investments;Clean Energy Economy;China's Influence on Land;Permitting Reforms;Permitting Agency Technology;China's Mineral Dominance;Mining and Community Protection;Mineral Supply Chain Reshoring;Tribal Consultation in Energy Policy;Wildfire Mitigation Measures;Environmental Protection and Wildfire Management;Fire safety measures;NEPA Streamlining and Forest Management;Roadway Safety Concerns;Wildfire Management and Regulation;Transmission Infrastructure Issues;Wildfire Prevention Measures;Power Line Safety Management;Local Hiring and Recruitment;Permitting Challenges and Employment Opportunities;Forestry and Education;Energy royalty rates;Environmental Review Capacity;Federal Bureaucracy Reform;Permitting System Reform;Offshore Wind Energy Development;Wind energy development impacts;Environmental Reforms Criticism;U.S. Energy Independence;Support for Wind Industry;Domestic Supply Chain for Wind Infrastructure;Energy independence and royalty rates;Oil and gas leasing reforms;Energy independence and climate change;China's Control of Minerals;Mining and Human Rights Issues;China and Energy Policy;Indigenous Rights and Mining;Fentanyl and China's Influence;Chinese Communist Party Influence;Environmental Review Oversight;China and China Relations;China and U.S. Economic Relations;Energy Policy Concerns;Oversight of Federal Spending;Permitting Accountability Issues;Permitting Efficiency Improvements;Follow the Money Policy;Environmental Review Funding;Defense Production Act Subsidies;Clean Energy Infrastructure;Support for the Staff;Energy Package Criticism;Energy Efficiency Standards;Support for Energy Legislation;Border security and energy policy;Energy costs and efficiency standards;Energy assistance funding differences;Energy Poverty and Policy;Energy efficiency standards;Energy Policy and Working Class;Renewable Fuel for Ocean-Going Vessels;U.S. Nuclear Energy Dependence;U.S. Energy Dependence on Russia,159;165;167;173;178;359;364;160;161;162;1030;163;164;166;194;307;331;1488;169;256;785;827;851;865;875;905;913;915;932;1056;170;273;330;171;174;176;179;183;184;193;323;185;187;322;188;189;275;190;191;192;195;196;311;788;792;808;816;832;835;841;885;896;963;964;1093;1284;197;198;763;843;923;200;201;332;202;203;204;205;206;207;208;209;210;848;850;853;1091;211;213;214;215;216;217;218;219;220;222;223;225;226;333;343;1486;227;228;229;230;231;254;232;233;234;235;342;355;237;239;240;241;242;243;244;245;246;247;248;249;250;761;800;831;867;251;252;253;255;257;258;259;1055;260;317;261;262;263;264;265;266;891;267;268;294;269;270;271;335;274;276;280;281;282;283;284;285;286;288;287;289;845;291;292;293;296;302;760;777;781;295;297;298;299;301;303;308;310;312;313;314;315;316;318;319;320;321;324;325;326;327;328;329;336;337;339;341;344;345;346;347;349;350;351;352;353;354;356;357;365;366;368;369;983;370;371;373;375;376;378;379;384;391;385;386;387;1472;388;389;390;586;750;751;803;812;830;833;838;846;854;861;877;894;908;939;941;952;954;752;852;753;754;755;864;886;605;756;2802;757;758;759;764;765;766;767;768;769;770;771;772;773;774;825;859;872;916;1012;1073;775;776;778;779;780;782;783;784;786;787;795;798;821;880;883;890;898;914;918;953;959;789;940;2982;790;791;793;809;858;794;796;797;799;801;1741;1742;2421;802;922;804;805;806;807;2525;2621;810;962;811;813;814;866;815;817;834;818;819;820;957;822;823;824;826;828;829;836;837;839;856;936;840;842;844;847;849;855;857;860;862;863;868;902;869;871;870;873;874;878;920;879;882;884;887;888;889;892;893;895;897;899;900;901;903;904;906;907;909;910;911;912;917;919;921;1061;924;925;926;927;928;929;930;931;933;934;935;937;938;942;943;944;945;946;947;948;987;949;950;951;955;956;958;960;961;965;966;967;968;969;970;971;972;973;974;975;980;982;981;984;985;986;988;989;993;996;998;999;1000;1001;1002;1003;1004;2572;1005;1006;1007;1008;1009;1010;2988;1011;1013;1014;1015;1016;1017;1018;1037;1019;1020;1021;1022;1023;1024;1025;1026;1027;1028;1029;1031;1032;2062;2076;2090;2148;2402;2449;2932;2964;2968;2970;3005;3298;3301;1033;1034;1035;1036;1038;1039;1040;1041;1042;1043;1044;1045;1046;1047;1048;1049;1050;1051;1052;1053;1054;1057;1071;1058;1059;1060;1062;1063;1064;1065;1066;1067;1069;1070;1072;1074;1075;1076;1484;1077;1078;1079;2912;1080;1081;1082;1083;1084;1085;1086;1087;1088;1089;1090;1092;1094;1462;1490;1492;1465;1466;1471;1475;1477;1478;1481;1480;3420;3421;3422
Energy,16,Gas Stove Regulations,Opposition to Gas Stoves Bill,Gas Stove Regulation and Legislation,Gas Stoves Ban;Natural Gas Stoves Regulation;Natural Gas Appliance Ban;Gas Appliance Ban Debate;Gas Stove Regulation;Gas stove efficiency standards;Gas Stove Regulations;Gas stove regulations;Gas Stove Legislation;Opposition to Gas Stoves Bill;Gas Stove Policy;Gas Stoves and Energy Standards;Gas Stove Policy Opposition;Gas stove use rights;Gas Stove Ban Opposition;Energy efficiency standards for stoves,762;881;1461;990;991;992;994;1458;1483;2856;3030;995;1485;997;1459;1463;1467;1470;1489;1491;1460;1464;1479;1482;1468;1469;1473;1474;1476;1487;2859;1493
Armed Forces and National Security,238,Support for Military Legislation,Military Vulnerabilities and AI,"Military Policy, Diversity, and National Security","Defense Access Roads Improvement;African American Contributions to Civil War;Military Base Access Reform;Military Families and Retirement Benefits;Debate Procedure and Procedure;National Defense Authorization Act;NDAA Bill Debate Process;Amendment Process Concerns;Social Security and Medicare Protection;Social Security Reforms;NATO and National Security;Concerns about MAGA influence in legislation;Defense Contracting and Transparency;Defense Spending and Savings;Defense Contractors and Budget Cuts;NDAA and Military Support;Republican infighting and priorities;Military Readiness and Support;U.S. Industrial Base and Military Equipment;Bipartisan National Security Legislation;Support for Military Families;Military Modernization and Oversight;Support for the National Defense Bill;Bipartisan Support for Military Reform;NDAA Support for Military;NDAA and Military Diversity;Military Recruitment and Diversity;Diversity in Military Recruitment;Bipartisan Defense Authorization Bill;Amendment Debate;Support for Military Legislation;Border Wall Material Waste;National Defense Authorization Bill;Bereavement Leave for All;Armed Services Recognition;Vietnam War Hero Recognition;Support for MQ-9 Reaper Drone Use;Last Servicemember standing medal;Nuclear Energy and National Security;Blockchain Technology in DOD;Military Land Management in Puerto Rico;Child sexual abuse prevention;Debate Procedure;Culture wars in the military;Military Culture and National Security; Confederate Base Naming;Diversity in the Military;Reproductive Rights in the Military;Abortion Access in the Military;Reproductive Healthcare Access in Military;Abortion Funding and Military Policy;Military Priorities and Culture Wars;NDAA and Bipartisan compromise;Taxpayer Funding to China;U.S.-China Research Collaboration;Communist Ideology and Legislation;China-U.S. Relations;Abortion Rights in the Military;Abortion Policy in Military;Women's Healthcare Access in Military;Abortion Rights in Military Families;Abortion and National Security;Abortion in the Military;Women in the Military;Women's Rights in Military;Transgender Rights in the Military;Transgender Military Service;Military Mental Health and Suicide Prevention;Transgender Health Care in Military;Military Spending and National Security;Healthcare Access in the Military;TRICARE Coverage for Military Members;Transgender Healthcare in the Military;Transgender Healthcare Access in Military;Transgender Funding in Military;Transgender Healthcare Decisions;Defense Spending and Borders;World War II Lessons Learned;Military Mission and Strategy;Demand a Mission in Military Spending;Accountability for Missions;Accountability in Defense Spending;Congressional Oversight of Defense Spending;Nuclear Weapons Reform;Nuclear Weapons Funding Issues;Nuclear Weapons System Reform;Nuclear Weapons Funding;Nuclear Weapons Modernization;Nuclear Weapons Policy;Funding for National Defense;Nuclear War Tensions;ICBM Fleet Size Cuts;Nuclear Forces Debate;Nuclear Deterrence Concerns;Nuclear Deterrence;Nuclear War Options;Nuclear Forces and Strategic Deterrence;Woke-ism in Military Education;Military Recruitment Issues;Abortion and Military Families;LGBTQ Rights in Military Recruitment;Military Personnel Funding Shortfall;Critical Race Theory in Education;Historic Education and Slavery;Equity in Education in Military Education;Abortion Access in the Armed Forces;Life, Liberty and Liberty;Black Representation in Military Recruitment;Admission Restrictions to Military Academies;Diversity in the Armed Forces;Diversity in Military Leadership;Military Colorism and Diversity;Military Unit Structure and Diversity;Diversity in Military Academies;Affirmative Action in Military Academies;Climate Change and National Security;Energy and National Security;Nuclear Power Investments;Climate Change and Military Policy;Surveillance Reform;Privacy Concerns in Military;Fourth Amendment Protections;Surveillance and Privacy Rights;Military Parental Leave Policy;Suicide Prevention in the Military;Support for Military Pay Raises;Opposition to Amendment No. 3;Military Vulnerabilities and AI;Process and Process Oversight;Minority Management in Military Affairs;Support for the Armed Forces;Women's Reproductive Healthcare Access;Bipartisan Support for Military Bill;Voting on H.R. 2670;Military Readiness and National Security;Amendments in Senate Legislation;Support for Israel in Congress;NDAA and Bipartisanship;Defense Appropriations Bill;Defense Appropriations and Social Policy;Critical Race Theory Criticism;Culture War in Defense Bill; for defense spending;Access to Reproductive Healthcare;Military Childcare Crisis;Support for Defense Appropriations Bill;Military Pay and Pay Equity;All-Volunteer Army Inclusion;Climate Change and Defense Policy;Divisive Riders in Defense Bill;Military Readiness and Funding;Defense Appropriations Bill Opposition;Bipartisan Support for Amendments;Defense Appropriations and National Security;Guam Missile Defense;Equipment for Female Servicemembers;Autonomous Vehicle Development;Defense Appropriations Bill Support;Government Shutdown and Military Healthcare;Breast Cancer Research Funding;Support for Micro-LED Soldier Systems;Microelectronics and National Security;Support for Defense Industrial Base;Opposition to Amendment;Psychedelic Therapies Funding;Space Force Research Funding;Single-stage-to-orbit rocket development;National debt crisis solution;Funding EcoHealth Alliance in China;Funding EcoHealth Alliance;Disinformation and National Security;Free Speech and Government Agencies;Disinformation and First Amendment Rights;Support for Amendment on National Security;Military Readiness and Leadership;Women's Pay Equity in Military;Military Readiness and Science;Transgender Service Members;Defense Department Funding;Climate Change and Human Rights;Diversity and Inclusion in Military;Removal of Reconciliation Monument;Confederate Monuments in Military Naming;National Unity Monument Removal;Military Base Renaming Concerns;Naming Confederate Instances;Military Funding and Training;Naming of Military Commemorations;Department of Defense Workforce Cuts;Civilian Workforce Costs;Civilian Staffing in Defense;Military Oversight and Amendment;Amendment Vote on Amendment 125;Racism in Education;Border Security Prioritization;Cluster Munitions Regulation;Cluster Munitions and Civilian Safety;Cluster Munitions in Ukraine;Cluster Munitions and National Security;Humanitarian Munitions Policy;Defense Department Salary Cuts;Support for Defense Secretary Austin;Salary Reduction for Secretary Austin;Afghanistan Failure Blame Accountability;Federal Workforce and Telework;Telework in Defense;Telework in DOD Operations;Telework in National Security;DOD Telework Policy;Telework in the Armed Forces;Federal Workers' Workforce;Defense Department Priorities;Military Priorities List Accessibility;National Security Funding Oversight;National Security Funding;Defense Funding Priorities;Department of Defense Priorities;Border Security and Migrants;Border Security Crisis;Border Security and Military Assistance;Military Housing and National Security;Military Installation Oversight;Transgender Rights in Military;Military Diversity and Inclusion;Gender Transition in Military Programs;Transgender Healthcare Spending in Military;Transgender Care for Military Families;China and National Security Concerns;Censorship in the Media;Countering Misinformation Attacks;Censorship in Media;Fake News and Accuracy;News Trust and Disinformation;Fact-Checking in News;Senate Conference Agreement with House;Crypto Asset Regulation;Legislative Procedure Issues;Intelligence Authorization Act 2024",398;484;1195;1396;1579;1580;1581;1593;1594;1595;1596;1598;1599;1600;1604;1606;1607;1613;1631;1632;1849;1582;1583;1584;2801;1585;1586;1587;1588;1589;1590;1591;1592;1597;1601;1602;1850;1603;1605;1608;1609;1610;1611;1612;1724;2178;1614;2177;1615;1616;1617;1618;1619;1620;1621;1622;1623;1624;1625;1626;1627;1628;1630;2787;1633;1634;1635;1636;1718;1732;1733;2176;2233;2234;1637;1656;1638;1752;1639;1640;1641;1642;1643;1644;1645;1646;1647;1648;1649;1650;1651;565;1652;1654;1653;1655;1657;1662;1668;1658;1659;1660;1661;1663;1664;1665;1666;1667;1669;1672;1682;1689;1691;1693;1697;1699;1704;1705;1706;1707;1708;1709;1710;1711;1712;1713;1714;1715;1716;1717;1719;1720;2241;1721;1722;1723;1725;3279;1726;1727;1728;1729;1730;1731;1734;1735;1740;1736;1737;1738;1739;801;1741;1742;2421;1743;1744;1745;1746;1747;1748;1399;1749;1750;1751;1753;1754;1756;1757;1758;1759;1761;1762;1763;1775;1799;1800;1848;2120;2124;2121;2122;2123;2125;2126;2127;2128;2129;2130;2131;2132;2133;2134;2135;2441;2136;2137;2138;2139;2140;2141;2142;2428;3098;2145;2146;2147;1032;2062;2076;2090;2148;2402;2449;2932;2964;2968;2970;3005;3298;3301;2149;2152;2153;2160;2162;2163;2164;2165;2166;2167;2168;2169;2170;2171;2172;2173;2174;2175;2179;2180;2181;2182;2183;2184;2185;2186;2187;2188;2194;2195;2196;2201;2204;2205;2206;2208;2207;2209;2210;2211;2212;2214;2215;2216;2217;2218;2219;2220;2221;2222;2223;2224;2225;2226;2227;2228;1314;1342;2229;2345;2376;2230;2231;2232;2235;2238;2236;2237;2239;2240;2242;2243;2244;2245;2246;2247;2248;3396;3397;2807;3417;3438
Armed Forces and National Security,18,Veterans' Disability Benefits,Veterans' GI Bill Protections,Veterans' Healthcare and Benefits Support,Veterans' Access to Medical Cannabis;Veterans' Rights in Military;Veterans Affairs Oversight;Veterans' GI Bill Protections;Veterans' Education Oversight;Veterans' Health Care and Education;Veterans' Disability Benefits;VA Disability Claims Process Improvement;Veterans Benefits Improvement Act;Veterans Benefits Improvement;Medical Marijuana for Veterans;Veterans' Mental Health Care Reform;Psychedelic-assisted therapy for veterans;Veterans' Suicide Crisis;Veterans' Homelessness and Suicide Prevention;Veteran Homelessness Legislation;Veterans' Homelessness Support;Veterans' Affairs and Homelessness,1068;1760;1910;1911;1912;1914;1913;1915;1916;1917;1922;1918;1919;1920;1921;2150;2151;2154;2213;3414;3415;3416;3418
Armed Forces and National Security,32,Support for Ukraine Assistance,Accountability for Ukraine Aid,Support and Funding for Ukraine,Funding for the Ukraine War;Ukrainian Independence and Security;Ukraine War and Defense Spending;Support for Ukraine;Support for Ukraine Support;U.S. Support for Ukraine;Support for Ukraine Assistance;Ukraine and National Security;Support for Ukraine and China;Ukraine and International Cooperation;Funding for Ukraine War;Ukrainian Healthcare Assistance;Support for Ukraine Partnership;Lend-Lease Authority in Ukraine;Support for Ukraine Independence;Support for Ukraine Lend-Lease;Accountability for Lend-Lease Program;Accountability for Ukraine Aid;Lend-Lease Program;Disaster Housing and Humanitarian Aid;Funding for Ukraine Assistance;Funding for Ukrainian Troops;Support for Ukraine and NATO;U.S. Funding for Ukraine;Funding for Ukraine;U.S. Troops and Ukraine Conflict;U.S. Troop Deployment in Ukraine;U.S. Troops in Ukraine;U.S. Military Assistance in Ukraine;Funding for Ukraine Conflict;U.S. Aid to Ukraine;Support for Ukraine's Military,1670;1671;1673;567;1674;1675;1681;1687;1690;1694;1696;2156;2198;2203;2596;2598;2600;1676;2202;2594;1677;1679;1692;2190;1678;2200;2593;2595;2716;1680;1683;1684;1685;2157;2512;1686;1688;1695;1698;1700;1701;1702;1703;1776;2143;2155;2144;2158;2159;2161;2199;2189;2191;2192;2193;2197;2597;2599
Education,90,Education Funding and Rights,Amendment Process Disparity,Parental Rights and Education Policies,Mentoring Students in Education;Parental Rights in Education;Book Banning in Education;Book Restrictions in Education;Graphic Novels in Education;Immigration and Education Safety;Parental Involvement in Education;Local Control in Education;Book Review Process in Education;Gun violence in schools;Parental Concerns in Education;Social Security and Medicare;Social Security and Medicare Cuts;Amendment Process Disparity;Parental Empowerment in Education;Parents' Rights in Education;LGBTQ Rights in Education;Opposition to H.R. 5;LGBT Rights in Education;Book Ban in Education;Book Censorship in Education;Transparency in Education;Parental Issues in Education;Book Bans in Education;School Shutdown and Education Reform;Parental Choice in Education;Parental Responsibility in Education;Parental Engagement in Education;Censorship in Education;Support for Parents in Education;Unfunded Mandates in Education;Parental Consultation in Education;Transgender Rights in Education;School choice and parental rights;Education Quality Issues;Education Funding and Rights;Books for Parents' Children;Cybersecurity in Education;School Safety and Education;Parents' Right to Information in Education;Parental Access to Curriculum;Teachers' and school districts' resources;Professional Development in Education;Non-Public School Requirements;Public Education Authority;Federal Education Departments;Federal Role in Education;National School Board Authority;Department of Education;Parental Control in Education;School recess scheduling issues;Federal Law on Education;Career and Technical Education;Technical Education Support;Public School Funding Diversion;Public School Funding Issues;Education funding and funding impact;School funding and education reform;Empowering Local Education;Targeted Education Funding;Education and Education Policy Reform;Federal Government Involvement in Education;Targeted Funding for Education;School safety and online bullying;School Safety and Privacy;Bullying Prevention in Education;Trans Rights in Education;Gun Violence in Education;Bullying in Education;Opposition to Education Legislation;Opposition to H.R. 734;Transportation Budget Debate;Federal Education Funds for Firearms;Hunting and Education Programs;Bipartisan Safer Communities Act;Education Funding for Hunting Programs;Education and Safety in Schools;Hunting Heritage Education Funding;Hunting Heritage and Education;Gun Safety and Mental Health;Hunting Education Funding;Gun Rights in Education;Hunting and Archery Education;Hunting and Education Funding;Gun violence legislation;Hunting and Archery Programs;Hunter safety programs funding;Administration Accountability in Education;Bipartisan Gun Safety Legislation;Gun Safety in Education,399;587;588;589;591;595;597;603;609;611;612;613;615;617;618;620;621;622;623;625;626;628;629;636;637;639;641;645;646;647;648;649;654;661;667;668;672;675;677;678;679;680;681;684;686;695;697;704;705;706;708;709;713;715;719;720;734;737;590;599;632;651;592;593;594;596;674;676;710;598;600;601;602;642;604;605;756;2802;606;607;722;608;610;614;630;634;638;644;650;653;660;666;736;616;619;631;640;657;707;624;627;633;635;643;652;655;656;658;659;693;662;663;664;735;665;673;1129;1143;1145;1157;1175;682;683;685;687;688;689;690;691;692;694;696;698;699;700;701;702;703;711;3164;712;714;716;717;721;723;724;725;726;727;728;729;730;731;732;733;1127;1147;1164;1132;1153;1155;1160;1183;1927;1928;1929;2291;1930;1931;1932;1933;1934;1935;1936;1937;1938;1939;1940;2290;2292;2293;2294
Education,32,Women's Sports Rights,Women's Sports and Sports Policy,Women's Sports Rights and Protections,Women's Sports Participation Rights;Local Control of Athletic Leagues;Gender Identity in Sports;Career Day Regulations;Protection of Women's Sports;Transgender Participation in Sports;Transgender Rights in Sports;Women's Sports Equality;Women's Sports Competitions;Protection of Women in Sports;Girls' Participation in Sports;Protection of Women's Sports Rights;Women's Basketball Competitions;Women in Military Leadership;Women's Sports Protection;Trans Rights in Sports;Women in Sports Protection;Women's Sports and Doping;Women's Sports and Biological Differences;Protection of Women in Sports Act;Transgender Sports Ban in Utah;Title IX Protections in Sports;Women's Athletic Access Rights;Transgender Equality in Sports;Women's Sports Rights;Women's Sports and Equality;Women's Sports Competition Rights;Women's Sports and Safety;Protecting Women and Girls in Sports;Women's sports integrity;Transgender Athletes in Sports;Women's Sports and Sports Policy,669;670;671;1124;718;1122;1123;1178;1125;1134;1136;1154;1158;1161;1162;1163;1166;1169;1173;1176;1182;1185;1126;1151;1128;1130;1138;1141;1131;1133;1135;1137;1139;1140;1150;1142;1144;1146;1148;1149;1152;1156;1159;1165;1167;1168;1172;1174;1177;1179;1180;1181
Health,75,Vaccine Mandates and Healthcare Workers,COVID Pandemic Preparedness,Public Health Emergency and Vaccine Mandates,COVID-19 Public Health Emergency;Public Health Emergency Response;Ending Public Health Emergency Declarations;COVID-19 and Emergency Powers;COVID-19 Emergency Declarations;Ending the Public Health Emergency;Medicaid and Telehealth;Public health emergency management;Vaccination and Healthcare;COVID-19 Public Health Emergency Legislation;End of Public Health Emergency;COVID Emergency Powers;Ending COVID-19 Public Health Emergency;COVID Pandemic Preparedness;Pandemic Response Reform;Executive Authority in Emergency Emergencies;Medicare Cuts and Public Health Emergency;Executive Overreach in Health Emergencies;COVID-19 Virus Response;COVID-19 and Legislation;Public Health Emergency Decisions;Medicare Spending Cuts;COVID-19 Pandemic Legislation;Public Health Emergency Legislation;Veterans' Health Care Access;Veterans' Care and Emergency Declarations;Telehealth Authority and Emergency Management;Vaccine Mandate Elimination;Vaccine Mandate Opposition;Vaccine Mandate Reform;COVID-19 Vaccine Mandates in Healthcare;Vaccination Mandates;Vaccine Mandates for Healthcare Workers;Vaccine Mandates in Health Care;Vaccine Mandate Repeal;Vaccination and Healthcare Workers;Vaccine Mandates and Health Care Workers;Vaccine Protection for Health Care Workers;Healthcare Workers' Rights;COVID-19 Vaccination and Safety;Healthcare Workers' Stress and PTSD;COVID-19 Vaccine Mandates;Healthcare Worker Mandates;COVID-19 Vaccination and Healthcare Workers;Federal Mandate on Health Insurance;Vaccine Mandates and Healthcare Workers;Reproductive Healthcare Rights;Covid Vaccine Effectiveness;COVID-19 Vaccination and Prior Infection;Healthcare Worker Freedom;Healthcare Workers' Freedom;Religious exemptions for health insurance mandates;COVID-19 Vaccine Mandate Opposition;Vaccine Mandate Debate;Vaccination and COVID-19;Vaccine Mandates in Healthcare;COVID-19 Vaccination Mandate Opposition;Vaccination Mandate in Healthcare;Access to Diabetic Shoes;Medicaid Funding for Territories;End-of-life care access;Medicaid Funding for Marianas;Restroom Access Legislation;Organ Procurement Reform;Organ Procurement Network Improvement;OPTN Program Improvement;Organ Transplant System Reform;Organ Donation System Reform;Legislative Consideration of Bill;Organ Transplant Reform;Healthcare Workforce Shortages;Healthcare access and workforce shortage;Medicaid Fraud Control Units;Human Cost of Inaction;Health care coordination reform,400;401;404;402;403;405;406;410;407;408;409;411;412;413;414;415;416;417;418;419;420;421;422;423;424;425;426;427;428;429;430;431;3248;3249;3362;432;433;434;435;436;451;437;461;438;452;439;440;441;442;443;444;445;2559;2560;3245;446;447;448;449;83;450;453;454;455;456;457;458;465;3261;459;460;462;463;464;467;508;748;1358;1572;1840;1841;1842;1851;1852;1853;1854;1855;1856;2733;3427;3437
Health,11,Substance Use Disorder Crisis,Addiction Crisis Response,Substance Use and Opioid Crisis Solutions,Opioid Crisis Response;Substance Use Disorder Support;Addiction Crisis Response;Opioid Abuse Treatment Reform;Substance Use Disorder Crisis;Fentanyl and Addiction;Opioid and mental health crises;Substance Use Disorder Prevention;Opioid Epidemic Response;Opiate Crisis Response;Substance Use Disorder Access,3423;3424;3430;3425;3426;3428;3429;3431;3432;3433;3434;3435;3436
Agriculture and Food,82,Agriculture Funding and Food Policy,National Institute of Food and Agriculture Funding,Challenges and Policies in Agriculture,Food Insecurity and Access to Food;Farm Bill Reforms;Invasive Species in Hawaii;American Food for American Schools;Parity and access in agriculture;Funding Cuts to Agriculture Programs;Agriculture and Food Policy;Agriculture Funding and Food Policy;Corporate power in agriculture;Cost of Living and Agriculture;Nutrition Assistance Cuts;Agricultural Funding Cuts;Support for Agriculture Funding;Agriculture Appropriations Bill;Vermont Flood Recovery;Government Funding Cuts in Agriculture;Funding for Agriculture Department;Energy assistance programs for farmers;USDA Funding and Civil Rights;Discrimination in Agriculture;Hiring Accountability in Agriculture;Funding for Agriculture Statistics Service;National Institute of Food and Agriculture Funding;Funding for Agriculture Research;Funding for Agriculture Programs;Foreign Agriculture Service Funding;Funding for Agriculture Service;Food for Peace Funding Cuts;Government Funding for Social Services;International Food Assistance Programs;Funding for International Education Programs;Food Aid and Democracy;Support for Nations;Funding for International Food Programs;Food Security and Education;Food aid and food assistance;Work Requirements for Welfare Programs;Abuse of State waivers in agriculture;Banning Flavored Milk in Schools;Nutrition Standards in Schools;Flavored Milk in Schools;Parental Rights in Food Decisions;Regulation of Milk in Schools;Electric Vehicles and Climate Change;Biden Administration Policies on Agriculture;Equity in Agriculture;Voting on Agriculture Legislation;World Health Organization Funding;Farm Service Agency Office Closures;Support for Amendment;Regulatory Overreach in Agriculture;Agricultural Regulations and Policy Rider Opposition;Constitutional Oversight of Agriculture;Dairy Business Innovation Funding;Support for Dairy Farmers;Climate Policy in Agriculture;Climate Change and Agriculture;Accountability in Agriculture;Transparency in Agriculture Programs;SNAP Benefits and Food Policy;Food Stamps and State Scams;Climate Policy and Agriculture;Carbon emissions in agriculture;Support for Amendments;Animal disease traceability in agriculture;Cattle Identification and Marketing;Transgenic Edible Vaccine Funding;Livestock health research funding;Transgenic Edible Plant Vaccines;Amendment to Farm Bill;Woke Ideology in Agriculture;Inclusion in Education;Racial Equity in Education;Racial Equity in Agriculture;LGBT rights in food security;Support for America's Values;Funding Cuts in Agriculture;Agriculture Funding and Conservation;Voting Decisions on Agriculture Legislation;Agricultural Research Collaboration;Joint Research and Development;Agriculture Research Policy,539;749;1194;1629;1869;1944;1949;1950;1951;1953;1954;1957;1961;1962;1965;1966;1970;1973;1975;1976;1977;1978;1979;1981;1982;1984;2000;2001;2002;2007;2008;2009;2010;2011;2012;2013;2014;2015;2022;2024;2026;2027;2028;2029;2030;2032;2038;2039;2040;2043;2047;2048;2049;2050;2051;2052;2053;2054;2055;2080;2057;2061;2064;2077;2079;2081;2083;2085;2086;2094;2095;2096;2098;2100;2101;2109;2110;2112;2114;2118;2119;2653;3411;3412;3413
Agriculture and Food,30,Federal Spending and Funding,Spending and Funding Levels,Federal Budget and Spending Challenges,Budget Deficit Issues;Tax Collections and Deficit;WIC Funding Cuts and Climate Change;Funding WIC Funding;Government Spending and WIC Funding;Budget Deficit and Border Security;Spending Cuts and Deficit;Spending and Funding Levels;Federal Spending Cuts;Budget Deficit Concerns;Inflation and Energy Costs;Biden Administration and Government Spending;Federal Spending and Funding;Federal Spending and Debt;Federal Reserve and Debt Crisis;Federal Spending and Energy Policy;Government Spending Cuts;Fiscal Responsibility in Government;Federal Spending and Housing Programs;Federal deficit reduction;Deficit Reduction in Foreign Aid;Federal Deficits Reduction;CFTC Funding Cuts;CFTC Funding and Climate Regulation;Funding for CFTC;Fiscal Responsibility for CFTC;Deputy Under Secretary Salary Reduction;Federal Spending and Equity;Green New Deal Funding;Federal Spending and Borrowing,1945;1946;1947;1948;1952;1955;1958;1960;1969;2798;2800;1971;1972;3059;1974;1980;1983;2117;1986;1213;1987;1996;1988;1990;1991;2003;2006;2016;2017;2020;2018;2019;2021;2063;2070;2071;2074
International Affairs,27,Taiwan-China Relations,Countering Chinese Telecom Companies,U.S.-China Relations and Security Issues,Undersea Cable Control Act;U.S.-China Technological Competition;Competition between China and U.S.;Telecommunications Equipment Reporting Requirements;Countering Chinese Telecom Companies;Telecommunications Security Legislation;Countering Chinese Telecom Vulnerabilities;Security of Electronic Data;Sanctions on Chinese Opioid Production;Fentanyl Crisis and China;Fentanyl and Drug Policy Reform;Chinese Contribution to Opioid Crisis;Taiwan and International Organizations;Taiwan's International Participation;Taiwan-China Relations;Taiwan's International Recognition;Fentanyl Trafficking Legislation;Countering China Funding;Borrowing Money from China;U.S.-Taiwan Relations;Taiwan Relations Management;Taiwan and Foreign Policy;Fentanyl and Economic Aid;China's Influence in International Relations;Science and technology agreement with PRC;China's Technology Theft;Technology Theft Prevention,740;741;742;1097;1098;1099;1101;1100;1102;1810;1811;1812;1814;1815;1816;1819;1817;1821;1818;1820;1857;2456;2473;2490;2492;2491;2493;2563;2583;2584;2585;2586
International Affairs,190,Funding for Terrorism,Art in Embassies Program Funding,International Aid and Humanitarian Support,Support for Haiti's Humanitarian Crisis;Haitian Gang Crisis Response;Haiti and Criminal Gangs;Pesticide Prevention Legislation;Funding for U.N. Programs;Funding Cuts to International Programs;Support for PEPFAR;Opposition to State Funding Cuts;U.S. Reputation in International Affairs;Funding for International Programs;Opposition to Appropriations Act;Opposition to State-Foreign Operations Bill;Bipartisanship in International Affairs;Funding for Lab Control;Foreign Aid Support Opposition;Wasteful Spending Control;Bipartisan Support for Amendments;Bipartisan Legislation Support;American Investment in Developing Countries;Funding for Peace Programs;Funding for European Commission;Helsinki Commission Work in International Affairs;Opposition to Amendment;USAID Funding Cuts;USAID Operations Cuts;USAID Spending Concerns;USAID Funding and Debt;Funding for USAID Facilities;Funding for Global Health Programs;Female Genital Mutilation Prevention;Female Genital Mutilation/Cutting;Female Genital Mutilation;Ending FGMC against women and girls;Opposition to Bill on International Affairs;USAID Funding Reduction;International Development Assistance Cuts;U.S. Debt Retention Policy;U.S. Aid to Sudan and Malaria;International Health Concerns;Cost of Living Adjustments;International Disaster Assistance Support;Faith and Social Aid;Economic support funding cuts;Democracy and Human Rights;Foreign Policy Priorities Impact;Migration and Refugee Assistance Funding;Migration and refugee assistance;Immigration and Displacement;Funding Peace Corps Programs;Support for Peace Corps;Veterans' and Border Security;Veterans' Support for Peace Corps;Veterans' Investment in Veterans;Funding for Global Environment Facility;Funding for Global Environmental Facility;Environmental Spending and Climate Policy;Misinformation and Disinformation Awareness;Misinformation and First Amendment Rights;Free Speech and Media Ethics;Free Speech and Censorship;Incompetence in Foreign Policy;Public Service and Public Servants;Biden-Blinken Relationship;Unconstitutional Amendment Vote;Accountability for Afghanistan withdrawal;U.S. Diplomatic Relations with Israel;U.S. Relations with Palestinians;Israel and Diplomatic Relations;Support for Israel;Dictatorship and Democracy;Funding Lebanon's Military;Lebanon's Crisis Response;Lebanese Armed Forces Support;U.S. Military Investment in Lebanon;Lebanon and International Aid;Support for Iraq;Support for Iraq War;Religious Rights in Iraq;Chaldean Community Support;Funding for International Aid;Climate Agreement Funding;Climate Crisis Response;Climate Agreement Issues;Climate Change and Aid;Debt and Environmentalism;Climate Emergency Impact on Youth;U.N. Ambassador Accountability;Public Service Criticism;Accountability for U.N. Officials;Salary Reduction for State Department Director;Foreign Policy Debate Criticism; for bureaucrats;Public Servants and Foreign Policy;Palestinian Authority and Human Rights;Foreign Service Funding Concerns;Pakistan's Support for Terrorism;U.S.-Pakistan Relations;Relationship with Pakistan;U.S.-Pakistan Partnership;Support for Pakistan's Policies;Funding for Pakistan Aid;Immigration Policy Issues;Migration Crisis Response;Immigration Law Enforcement Issues;Taxpayer-funded slush funds;Refugee Admissions Program Funding;Taxpayer Funding for Refugees;Travel Loan Repayment;COVID-19 Vaccine Mandates;Border Security and Vaccines;COVID Vaccine Mandate Misrepresentation;U.S.-Mexico Relations;Funding for U.N. Operations;Support for UNICEF and UNDP;Accountability for U.N. Funding;Funding for Children's Programs;Congressional Accountability in Spending;Funding for Global Change Office;Climate Crisis Impact;Climate Change Policy;Environmental Impact of Amendment;Federal Remote Work Agreements;COVID Pandemic Impact on Work Flexibility;Cost of Living Differences;Clinton Global Initiative Corruption;State Department Meetings Oversight;Clinton Global Initiative Criticism;Global peace and security;Debt Management and Spending;State Department Attendance;Public Accountability in Government;Public Servants' Empowerment;Taxpayer Accountability in Media;Public Servants' Rights;Government Responsibility;Public Servants' Accountability;Targeting Public Servants;Federal Tax dollars misappropriation;Public Service and Politics;Funding for Art in Embassies;Art in Embassies Program Funding;Funding for Climate Envoy;Climate Change and International Assistance;Climate Change Issues;Wasteful Spending in International Affairs;Climate Emergency Response;Special Envoy to Iran Salary;U.S. Embassy Move in Jerusalem;U.S. Embassy in Jerusalem;Government Shutdown Concerns;Climate Change Funding and Military Funding;Renewable Energy Policy;Climate Change and Young People;Foreign Policy Accountability;Foreign Service Career Disincentive;Foreign Service Accountability;Bahamas' Cooperation in International Affairs;Missing Cameron Robbins;Bahamian Government Funding and Cooperation;Transparency in Military Affairs;UNESCO Funding and Bias;U.S. Membership in UNESCO;Debt and Spending Issues;U.S. Relationships with the World;UNRWA Funding and Accountability;Aid to UNRWA;Accountability in Funding;UNRWA Accountability and Trust;Funding for Terrorism;Funding UNRWA Crisis;IRGC Designation as Terrorist Organizations;Iranian Revolutionary Guard Corps;U.S.-Israel Relations;Cluster Munition Funding;Cluster Munitions Restrictions;Cluster Munitions Ban;Cluster Bomb Ban;Unaccompanied Children and Aid;Border Security and Aid Cuts;Taxpayer Funding for Refugee Care;Foreign Assistance Cuts;National Security and International Affairs;Anti-Israel and Anti-Semitism;Palestinian Textbook Controversy;Education in Palestinian Schools;Child Rights and Terrorism;Education for Terrorism;Palestinian Education Reform;Terrorism and Education;Anti-Semitism and Anti-Bias Education,1807;1808;1809;1813;2429;2430;2431;2432;2433;2434;2435;2436;2437;2438;2439;2440;2135;2441;109;1302;1437;2442;2443;2444;2445;2446;2448;1032;2062;2076;2090;2148;2402;2449;2932;2964;2968;2970;3005;3298;3301;2450;2452;2451;2453;2454;2455;2457;2458;2459;2460;2461;2462;2463;2464;2465;2466;2467;2468;2469;2470;2471;2472;2474;2475;2476;2477;2478;2479;2480;2481;2482;2483;2484;2485;2486;2487;2488;2489;2494;2495;2496;2497;2498;2499;2500;2501;2502;2618;2749;2751;2756;2758;2762;2767;2768;2770;2772;2773;2506;2514;2515;2516;2517;2518;2519;2520;2521;2522;2523;3134;3136;2524;807;2525;2621;2526;2527;2528;2529;2530;2531;2532;2533;2534;2535;2536;2542;2543;2544;2545;2548;2550;2546;2547;2549;2551;2552;2553;2554;2555;2556;2557;2558;445;2559;2560;3245;2561;2562;2564;2565;2566;2567;2568;2569;2570;2571;1004;2572;2573;2574;2575;2576;2577;2578;2579;2580;2581;2582;2587;2588;2589;2601;2590;3228;3230;2591;2592;2602;2615;2603;2604;2605;2606;2609;2610;2611;2612;2613;2614;2616;2617;2266;2371;2619;2686;2620;2622;2623;2624;2625;2626;2627;2628;2629;2630;2631;2632;1224;2633;2634;2635;2636;2637;2638;2639;2640;2641;2642;2643;2644;2645;2646;2647;2648;2650;2651;2652;2656;2723;2740;2741;2742;2743;2744;2745;2746;2747
International Affairs,12,U.S. Military Aid to Ukraine,Funding for Ukraine War,Support and Assistance for Ukraine,OSCE Support for Ukraine;Funding Assistance to Ukraine;Russia's aggression in Ukraine;Funding for Ukraine Aid;Funding for Ukraine War Support;Support for Democracy in Ukraine;Accountability in Aid to Ukraine;U.S. Military Aid to Ukraine;U.S. Military Support for Ukraine;Funding for Ukraine War;U.S.-Ukraine Relations;U.S.-Russia Proxy War,2447;2503;2504;2505;2507;2508;2509;2510;2511;1685;2157;2512;2513;2649
Economics and Public Finance,40,Debt Ceiling and Spending,Federal Spending and Debt Ceiling,Debt Ceiling and Economic Challenges,Debt Ceiling and Spending Reform;Debt Ceiling and Budget Cuts;Cutting Spending and Debt;Debt Ceiling and Healthcare;National Debt Management;Debt Crisis Cuts;Debt limit and economic impact;Vulnerable People and Debt;Debt Crisis Solutions;Debt Ceiling and Spending;Debt Limit and Spending Cuts;Debt and earmarks;Debt and Public Finance;Debt Crisis Opposition;Debt and Spending Issues;Debt Ceiling and Negotiations;Debt ceiling and spending cuts;Debt Ceiling and Economy;Debt ceiling and fiscal responsibility;Debt Ceiling Debate;Debt Default Concerns;Debt ceiling and debt ceiling negotiations;Debt ceiling and debt ceiling;Debt Ceiling Crisis Opposition;Federal Spending and Debt Ceiling;U.S. Debt and Economic Growth;U.S. Government Debt Crisis;Debt Ceiling and Economic Impact;Debt ceiling and debt relief;Debt ceiling debate;Debt Ceiling-Cuts Bill Opposition;Debt Limit Extension Debate;Debt and National Security;Debt and Economic Policy Reform;Debt ceiling and welfare cuts;Debt limit debate;Credit Card Authority Debate;EIDL Loan Collections Concerns;National Debt and Funding;Debt and Social Security,1197;1198;1241;1200;1201;1203;1205;1211;1212;1214;1215;1219;1220;1221;1223;1222;1224;2633;1231;1238;1257;1240;1244;1246;1249;1254;1256;1258;1259;1261;1269;1270;1271;1272;1273;1275;1279;1283;1288;1290;2842;2868;3206;3372
Economics and Public Finance,73,Government Funding and Spending,Government Funding and Spending,Fiscal Responsibility and Government Spending, in fiscal reform;Fiscal Reforms;Fiscal Responsibility and Poverty;Debt and Fiscal Responsibility;Government Waste and Waste Reform;Federal Spending Reform;Fiscal Responsibility and Spending;Budget Committee Cooperation;Fiscal Responsibility Issues;Leadership and Fiscal Responsibility;DOA Act Impact on Defense Spending;Fiscal Responsibility and Spending Reform;PATH Act Support;Fiscal Responsibility and Deficit;Government Spending Reform;Government Funding and Spending;Government Spending and Fiscal Responsibility;Government Funding Crisis;Government Funding Bill;Government Funding Issues;Federal Government Funding;Appropriations Process Delay;Funding the Government;Government Funding Extension;Debt and Defense Spending;Spending Levels and Regulation;D.C. Statehood and Representation;Affordable Housing Funding Issues;Federal Public Defender Funding;Funding levels for government programs;Fiscal Responsibility and Appropriations;Funding for Government Agencies;Power of the purse;Supreme Court and Federal Funding;Funding and Appropriations Process;Financial Literacy and Mail Delivery;Government Spending and Community Development Funding;Community Development Financial Institutions;Postal System Finances;Postal Service Funding Issues;Law Enforcement Funding;Legislative Process Reform;Federal Trade Commission Funding;Government and Public Finance;Funding for Federal Buildings Activities;Security Clearance Renewal;Funding for Legislation;Amendment Funding Issues;Funding for Government Programs;FBI Headquarters and Funding;Budget Process Reform;Federal Spending and Accountability;Federal Agency Real Estate Use;Retirement Funds and Political Advocacy;Divide and Equity in Government;Fiscal Responsibility and Inflation;Fiscal Responsibility in Health Spending;Wasteful Spending Levels;Government Spending and Spending Control;Spending and Accountability;Accountability in Spending;Government Funding and CRs;Government Funding and Military Spending;Government Funding Extending;Fiscal Responsibility and Debt;National Labor Relations Board Funding;Government Spending and Financial Advisers;Muffulettas in Louisiana;Legislative seriousness of amendments;Government Waste of Taxpayer Money;Budget Borrowing and Spending;Government Spending and Revenue;Funding and Appropriations Issues,1199;1202;1206;1207;1289;1209;1210;1218;2788;1230;2803;1232;1233;2858;1235;1243;1245;1248;1250;1252;2657;2671;2663;2675;2669;2694;2703;3395;2695;2261;2701;2714;3193;2707;2712;2717;2721;2765;2790;2793;2796;2797;2806;2808;2809;2817;2818;2819;2821;2825;2826;2828;2829;2838;2850;2860;2862;2864;2867;2887;2889;2891;2940;2957;3024;3026;3052;3053;3082;3117;3119;3120;3142;3144;3192;3194;3197;3200;3392;3205;3215;3257;3291;3310;3370;3389;3393
Economics and Public Finance,14,Medicare Funding and Regulation,Medicaid Drug Rebate Program Regulation,Healthcare Policy and Funding Challenges,Veterans' Healthcare and Debt Cuts;Medicaid Cuts and Climate Policy;Social Security and Medicare Protection;Social Security and Medicare Cuts;Medicare Wage Index Adjustment;Medicare Program Chaos;Medicare Funding and Oversight;Medicare Operations Standstill;Medicare Funding and Regulation;Medicaid Drug Rebate Program Regulation;Medicaid Drug Rebate Program;Medicaid Regulation Impact;Medicaid and CHIP Accessibility;Medicaid Access to Care,1208;1276;1584;2801;605;756;2802;3083;3237;3239;3255;3256;3311;3312;3345;3346;3347
Economics and Public Finance,18,Energy and Economic Impact,Energy Independence and National Security,Energy Policy and Economic Challenges,Federal Spending and Energy Policy;Food and Inflation Issues;Fiscal Responsibility and Energy Independence;Electric Vehicle Battery Production;Energy Policy Critique;Energy assistance cuts;Low-income energy assistance cuts;Energy Assistance and Governance;Cost-of-Living Increases;Russia's Energy Exports;Russian Energy Exports Sanctions;Oil Price Hike Exemptions;Energy Dependence on Russia;Energy Independence and National Security;Permitting Reform in Energy;Energy and Economic Impact;Inflation and Energy Costs;Energy Policy Impact on Workers,1213;1987;1996;1217;1228;1266;195;196;311;788;792;808;816;832;835;841;885;896;963;964;1093;1284;2661;2668;2685;2710;2871;2873;2874;2875;2876;789;940;2982;3044;1972;3059;3270
Economics and Public Finance,34,Climate Change Regulation,Greenhouse Gas Cost Lawsuit,Climate Policy and Regulation Opposition,Opposition to H.R. 2811;Biden's Environmental Regulations;Climate Change Economic Impact;Financial Regulation and Climate Risk;Gas Stove Regulation;Gas Stoves and Consumer Protection;Gas Stove Ban Opposition;Gasoline Quality Standards;Climate Change Resilience;Holman Rule Use;Agricultural Emissions Regulation;Climate-related disclosure rules;Climate Change Regulation;Treasury Department Climate Hub Funding;Climate Policy Opposition;Greenhouse Gas Policy Reform;Greenhouse Gas Emissions;Climate Policy Reform;Greenhouse Gas Cost Lawsuit;Environmental Policy Concerns;Climate Reporting Standards for Contractors;Climate Change Disclosure;Greenhouse Gas Emissions Disclosure;Climate Change Funding Opposition;Climate-related financial risks;Climate Regulation and Contracting;Climate Transparency in Contracting;Dark Money in Climate Policy;Environmental Impact of Hydroxychloroquine;Climate Literacy Training;Climate Change and Environmental Justice;Environmental Justice and Public Finance;Climate Change and Health Equity;Opposition to H.R. 5894,1216;2791;2792;2794;994;1458;1483;2856;3030;2857;1487;2859;2863;2877;3269;3272;2897;2916;2917;2934;2936;2937;2987;1010;2988;2989;2990;2996;3021;3022;3023;3042;3359;3043;3063;3064;3065;3253;3268;3271;3273;3358;3399
Economics and Public Finance,14,Child welfare policy and foster care,Child welfare policy and foster care,Child Welfare and Social Support,Food Insecurity and SNAP;Welfare Reforms;Welfare Reform Evolution;Welfare Reform Legislation;Child Poverty Decline;Child Poverty and Welfare Reform;Foster Care System Reform;Childcare for Unaccompanied Children;Child Trafficking and Labor Policy;Foster Care Crisis;LGBTQ Youth Protection in Foster Care;LGBTQ Youth in Foster Care;Child welfare policy and foster care;Unaccompanied Children Program,1226;1227;1277;1278;1280;1281;3086;3229;3231;3232;3233;3234;3235;3355;3356;3357
Economics and Public Finance,48,Labor Union Rights,Public Servants' Rights,Workers' Rights and Electoral Integrity,Welfare for Fairway Farmers;Voting on Rollcall 512 and 513;Election Worker Protection;Amendment Opposition;Farmers' Protection Rights;Support for Farmers' Rights;Support for Gensler's Integrity;Protecting Farmers' Rights;Noncompete Restrictions on Workers;Opposition to Amendment;Fourth Amendment Rights;Gender Equity and Equality;Gender Policy Council Oversight;Reproductive Rights Debate;Gender Policy Council Elimination;Labor Union Rights;Union Dues Policy Changes;First Amendment Rights and Unions;Identity Verification and Fraud;Election Denial and Public Misinformation;Election Denial and Lies;Women's Reproductive Rights;Women's Rights and Violence;Labor's Fiduciary Rule;Public Servants' Rights;Gender-affirming care and health policy;Title IX and Women's Rights;Women's Reproductive Health Funding;Liberty and Liberties;Free Speech and Pronouns;Employment Discrimination Policy;Employment Equity Issues;Religious Liberty and Speech Rights;Labor Relations Regulations;Workers' Rights and Union Rights;Union Election Process Issues;Labor Union Recognition;Union Participation in Workplaces;Unionization and Secret Ballot Elections;Union Recognition and B collective bargaining;Union Election Security Issues;Workers' Rights and Unions;Unionization and Violence;Election Integrity Concerns;Voter Access and Rights;Election Integrity Issues;Voting Rights and Democracy;Voting Rights and Elections,1262;2718;2823;2896;2918;2919;2920;2921;2925;1032;2062;2076;2090;2148;2402;2449;2932;2964;2968;2970;3005;3298;3301;2947;2959;2960;1529;2961;2962;3018;3019;3020;3046;3060;3061;572;581;3087;3111;3216;2590;3228;3230;3262;3302;3309;3324;3325;3326;3328;3329;3335;3336;3337;3338;3339;3340;3341;3342;3343;3344;3377;3378;3379;3380;3381
Economics and Public Finance,16,Border Security and Spending,Border Crisis Response,Border Security and Immigration Funding,Government Spending and Immigration;Immigration and CRs;Border Security Concerns;Border Security and Deficit;Funding for Military and Border Security;Border Crisis Response;Border Security and Spending;Immigration Policy Opposition;Government Funding and Border Security;Border Security and Spending Control;Government Spending and Border Security;Fentanyl and Border Security;Sanctuary Cities and Immigration Law;Border Security Issues;Refugee Resettlement Issues;Abortion Funding and Border Security,2660;2665;1320;1350;1353;2285;2312;2354;2366;2385;2395;2666;2689;2667;2672;2678;2681;3127;1783;1795;2683;2684;2693;2690;2691;2810;2886;2287;2289;2335;2341;2343;2378;2379;2380;2417;2905;2908;3227;3354
Economics and Public Finance,13,Government Funding Cuts,Labor-HHS Funding Cuts,Impact of Government Funding Cuts,Funding Cuts and Public Programs;LIHEAP Program Cuts;Government Funding Cuts;Election Funding Cuts;Office Space Funding Cuts;Government Office Space Cuts;Drug Trafficking Funding Cuts;Labor-HHS Funding Cuts;NIH Funding Cuts;NLRB Funding Cuts;NLRB Cuts and Labor Reform;WHO Funding Cuts;Funding Cuts for Families,2670;2687;2263;2789;2805;2865;2866;3062;3124;3145;3203;3204;3306;3371
Economics and Public Finance,25,Support for Israel Aid,Support for Ukraine's Defense,International Military and Humanitarian Support,Government Funding and Ukraine;Security Assistance Funding for Ukraine;Support for Ukraine's Defense;Support for Ukraine Assistance;Government Funding and Ukraine Aid;Funding for Israel Response;Support for Israel;Support for Israel and Ukraine;Support for Ukraine and Israel;Support for Israel's Defense;Support for Ukraine and Gaza;Support for Israel Aid;Support for Israel's Security Assistance;Military Assistance to Israel;Support for Israel Funding;Support for Israel and Debt Management;Humanitarian Assistance Support;IRS Auditing and Israel Aid;Support for Israel's Security;Sanctions on Russia;Rogue Regime Funding;Funding for International Aid;Funding for Defense and Humanitarian Aid;North Korea and WHO;Anti-Semitism on Campus Funding,2696;2702;2700;2711;1678;2200;2593;2595;2716;2720;2748;2502;2618;2749;2751;2756;2758;2762;2767;2768;2770;2772;2773;2750;2754;3166;2752;2761;2753;2771;2755;2757;2777;2759;2760;2763;2764;2769;2775;2776;2872;2965;2523;3134;3136;3201;3226;3292
Economics and Public Finance,13,IRS Funding and Accountability,Taxpayer Impact on IRS,"IRS Funding, Oversight, and Accountability Issues",Taxpayer Impact on IRS;IRS Funding Cuts and Economic Impact;IRS Weapons and Oversight;IRS and Tax Enforcement;IRS Transparency and Accountability;IRS Funding and Accountability;IRS Firearms Cap;IRS Enforcement Cuts;IRS Audits and Technology;IRS Accountability and Oversight;IRS Agents' Bonuses;IRS Budget Cuts and Consumer Product Safety;Tax Revenue Issues,2766;2812;2831;2832;2840;2834;12;30;39;2835;2836;2869;2870;2892;2894;3076;3373
Economics and Public Finance,11,Government Accountability and Funding,Inspector General Funding and Accountability,Government Accountability and Oversight,War Crimes Accountability;Government Accountability and Funding;Accountability in Government;SBA Accountability Issues;SBA Funding and Oversight;Accountability and Transparency;Inspector General Funding and Accountability;Accountability of Bureaucrats;Government Guidance and Speech;Accountability in Research;Funding Accountability Issues,2774;2811;1541;2333;2939;3290;3072;3074;3137;3212;3288;3327;3349;3360
Economics and Public Finance,16,Public Health and Firearms Safety,Crime and Public Safety,Public Safety and Health Policy,Public Safety and Drug Control Policy;Civil Service Protections;Gun Control Legislation;Gun Violence Prevention;Crime and Public Safety;Community Violence Intervention;Surveillance and Public Safety;Postal Service Employee Safety;Occupational Safety and Health Administration;Worker safety and public service;Health and Safety of Mine Workers;Public Health and Public Safety;Occupational Safety and Health;Firearm Injury Research Funding;Public Health and Firearms Safety;Public Health and Science,2813;3011;3012;3013;3032;3033;3034;3035;518;546;547;550;554;557;3036;3037;3038;3075;3100;3103;3104;3210;3304;3314;3316;3350
Economics and Public Finance,59,Regulatory Overreach and Oversight,Regulatory Regulation Concerns,Regulatory Oversight and Accountability Issues,Oversight of Agency Oversight;Research and Design Oversight;Government Agency Overreach;Oversight of Programs;SEC Rulemaking Process Criticism;Rulemaking Speed Concerns;Regulatory Overreach and Oversight;Rulemaking Blockage;Congressional Authority and Transparency;Executive Branch Oversight;Regulatory Regulation Concerns;Regulatory Abuse in Digital Assets;Crypto Financial Regulation;Digital Asset Regulation;Oversight of Regulatory Oversight;Regulatory Reform Concerns;Regulatory Regulation;Regulatory Costs and Oversight;Regulatory Rulemaking Block;Regulatory Overreach;Regulatory Transparency;Private Fund Adviser Rule Impact;SEC's Private Fund Adviser Rule;Regulatory Overreach in Finance;SEC Regulation of Predictive Data Analytics;SEC Rule on Investor Protections;Regulatory Oversight of Technology;Financial Industry Regulation;Shareholder Proposals Process;Shareholder Activism Regulation;SEC Authority and Shareholder Proposals;Bureaucratic overreach in finance regulation;ESG Disclosure Rule Opposition;Cybersecurity Regulation Issues;Cybersecurity Disclosure Transparency;Cybersecurity and Businesses;Accountability Oversight Board Opposition;Executive Branch Staffing Issues;D.C. Criminal Code Oversight;SEC Legal Loophole for Activist Proposals;SEC Guidance on Non-GAAP Disclosures;ESG-related shareholder proposals; proxy adviser regulation;proxy adviser rule;Digital Discrimination in Broadband Access;Financial Regulation and Regulation;Regulatory Oversight of Nonbank Financial Companies;Regulatory Oversight and Costs;Regulatory Accountability Issues;Conspiracy Theory and Science;Junk Fee Protection for Retirement Savings;Junk Fees and Regulation;Regulatory Oversight and Oversight;Regulatory Accountability Reform;Regulatory Costs and Taxpayers;Regulatory Burdensome silica rule;Mining Industry Regulation;Mining Regulation and Silicosis;Mining Regulations,2815;2844;2882;2885;2895;2898;2900;2901;2902;2903;2904;2913;2914;2915;2923;2933;2935;2953;2954;2955;2956;2979;2980;2981;2983;2984;2985;2986;2991;2992;2993;2994;2995;2997;2998;2999;3001;3010;3041;3047;3048;3049;3050;3051;3055;3068;3069;3070;3102;3143;3220;3221;1520;3236;3238;3254;3330;3332;3333;3334
Economics and Public Finance,14,CFPB Oversight and Regulation,CFPB Oversight and Accountability,Regulatory Oversight and Accountability,CFPB Oversight and Impact;CFPB Oversight and Accountability;CFPB Oversight and Regulation;CFPB Funding and Accountability;IMF and RMB Policy;FTC Authority and Competition Policy;FTC Oversight and Reform;FTC Oversight and Regulation;FTC Authority and Regulation;FTC Authority over Competition;FTC Enforcement of Merger Terminations;CFPB and Women's Business Data;CFPB Regulation Issues;CFPB Registry and Consumer Protection,2848;2849;2851;2852;2910;2924;2927;2928;2929;2930;2931;3009;3015;3017
Economics and Public Finance,28,COVID-19 Vaccine Mandates,COVID-19 Vaccine Mandates,Vaccination and Mandate Controversies,Vaccine Mandates and Liberties;Vaccine Mandates and Freedom;COVID-19 Mask Mandates;Mask Mandates Opposition;Mask Mandates and Public Health;Vaccine Mandates in D.C.;Vaccine Mandates and OSHA;Vaccine and OSHA;Vitamin D and COVID-19;Vitamin D and Public Health;Mask Mandates for Children;COVID-19 Vaccine Mandates;COVID-19 Vaccine Mandates in Education;Vaccine Mandate Opposition;COVID Vaccine Mandates;Vaccine Recommendation Process;COVID-19 Vaccine Mandate Opposition;Transgenic Edible Vaccines;Vaccine Mandates and Bureaucracy;COVID Vaccine Mandate Opposition;COVID-19 Uninsured Program Accountability;COVID-19 Mandates and Public Health;Vaccine Mandates and Rights;Vaccination Mandates Protection;Valley Fever Vaccine Development;Cocci and Public Health;COVID-19 Vaccination Coverage;Vaccine Freedom in Healthcare,2948;2950;3247;3003;3322;3323;3004;3006;3208;3039;3099;3101;3121;3122;3123;3207;445;2559;2560;3245;3246;431;3248;3249;3362;3258;3260;3259;458;465;3261;3293;3303;2252;3305;3317;3351;3361;3363;3367;3369;3383;3384
Economics and Public Finance,41,Funding for Health Research,Centers for Disease Control Funding,Funding and Support for Health Research,Healthcare Disparity in Healthcare;Support for Epilepsy Research;ALS Registry Funding;Healthcare Workforce Shortage;Funding for Minority Health Research;Breast Cancer Research Funding;Job Corps and Housing Development;Nursing Workforce Funding;Rural Hospital Funding Crisis;Rural Healthcare Workforce Expansion;Diversity in Biomedical research;Biomedical Research Funding;Funding for Health Research;Funding for International Health Centers;Funding for Fogarty International Center;Funding for Research;National Institutes of Health Funding;Funding for Biomedical Research;Funding for Project BioShield;Funding for State Health Infrastructure;Public Health Infrastructure Funding;Funding for HIV/AIDS Research;AIDS Research Funding Reduction;HIV and AIDS Programs;Virology Funding in China;Funding for Research Grants;Bioweapon Concerns;Indirect Costs in Research Funding;Gain-of-function research funding;Funding for Gain-of-function research;Gain-of-function research;Funding for CDC Research;CDC Mission and Focus;Nursing Home Staffing Mandate;Long-term Care Staffing Standards;Nursing Shortage Crisis;Scientific Research Funding;Diabetic Retinopathy funding;Funding for Eye Institutes;Centers for Disease Control Funding;Access to Workforce Programs,3084;3093;3094;3095;3096;3129;2142;2428;3098;3106;3108;3112;3115;3125;3126;3131;3135;3128;3132;3133;3138;3141;3146;3147;3155;3157;3158;3160;3161;3250;3251;3252;3280;3294;3295;3296;3313;3315;3318;3319;3320;3321;3352;3364;3365;3368;3374
Economics and Public Finance,39,Education Funding Cuts,Support for Education Institutions,Education Funding and Reform Issues,Abortion Rights and Education Funding;Education Funding Cuts;Safe Drinking Water in Schools;Charter School Funding Support;Public Education Funding Cuts;Parental Control in Education;Charter School Oversight;Rural Education Funding;Native American Education Funding;Pell Grant Program Cuts;Higher Education Accountability;Public Education Funding Elimination;Department of Education Attacks;Education and the Middle Class;Higher Education Funding Cuts;Public Education Funding;Support for Education Institutions;Higher Education Funding;Federal Education Funding Cuts;Aspersions on Campus Education;Education and Education Reform;Higher Education Costs;Funding for Education Sciences;Opposition to Education Reform;Education Funding and Debt;Federal Mandating in Education;Court Settlement on Education Fine;For-profit Education in Higher Education;Shutdown and Education Policy;Affirmative Action in Higher Education;Education Opportunity in Higher Education;Education Curriculum Reform;Civics Education and Funding;Critical Race Theory in Education;Confucius Classrooms in Education;Education and Misinformation;Higher Education Regulation;Education and Workforce Development;TRIO Program Support for College Students,3088;3090;3091;3097;3162;3163;3190;3241;711;3164;3165;3167;3168;3170;3174;3175;3176;3177;3179;3180;3181;3182;3244;3183;3240;3184;3185;3186;3187;3188;3189;3191;3242;3243;3266;3274;3275;3277;3278;1725;3279;3283;3285;3375;3376;3400
Immigration,42,Border security and immigration reform,Border security and immigration reform,Border Security and Immigration Reform Debate,Border Security Legislation;Child Deportation Act Opposition;Border Security Funding Cuts;Immigration Reform Debate;Immigration Reform;Border Patrol and Immigration Policy;Opposition to H.R. 2;Child Deportation and Families;Border Security Crisis;Child Deportation Policy;Immigration reform concerns;Immigration Policy Concerns;Immigration reform;Border Security Concerns;Border Bill Criticism;Border security funding cuts;Border security and immigration reform;Border Security and Employment Issues;Border security and safety;Border Security Budget Cuts;Immigration Reform Opposition;Child Deportation Act;Border Security and Immigration;Immigration Policy Debate;Border Security and Immigration Policy;Border Security Funding;Healthcare services provided by NGOs;Border security measures;Border Security Funding Issues;Opposition to Immigration Legislation;Immigration Policy Reform;Family Unit Protection;Border Security and Drugs;Immigration Legislation Criticism;Immigration and Refugee Status;Border Security and Child Welfare;Biden Administration Policy on Immigration;Border Security and Fentanyl;Border Security Accountability;Opposition to H.R. 3941;Immigration Policy Opposition;Legislative Procedure and Amendments,1304;1306;1310;1325;1329;1349;2363;1305;1307;2260;1308;1309;1335;1311;1312;1316;1313;1314;1342;2229;2345;2376;1315;1317;1347;1318;1319;1788;1320;1350;1353;2285;2312;2354;2366;2385;2395;2666;2689;1321;1322;1323;1324;1326;1327;1328;1330;1356;1331;2288;2344;1332;1782;1333;2361;2404;1334;2255;2257;2262;2296;2364;1336;1337;1345;1338;2310;2356;2406;1339;1340;2305;2367;1341;1343;2338;1348;1351;1352;1354;1355;2265;2295;2297;1357;2284;2319;2321;2342;2355;2358;2391;1779;1783;1795;2683;3057
Immigration,16,Immigration and Education,Immigration and Education Facilities,Education and Immigration Issues,Immigration and Agriculture;Agriculture Labor Impact;Immigration and Education Facilities;Education Funding and Immigration;Immigration and Public Education;Immigration and Education;Gun Violence in Schools;Immigration and Education Funding;Immigration and Community Empathy;Immigration and Schools;Migrant Crisis in Schools;School Funding and Immigration Reform;Immigration and Education Services;Education funding and immigration policy;Education and Immigration;Housing Illegal Aliens in Schools,1344;1346;1777;1778;1780;1781;1796;1784;1785;1786;1787;1789;1790;1791;1792;1793;1794
